Bag,c4d91e29-7c14-494d-8057-e3203233a7a7
Belt,08d8f1ca-d0f6-478d-aa15-d77c2ce77e2f
Blazer,d162e38c-b2f8-4d40-8a04-b039f2e58b1b
Boots,313fd3a5-0dfb-46da-be6a-f558406d74ef
Bracelet,9f983384-729d-4084-b5b0-0ac8cfef83b8
Cardigan,1f4b8e12-db6c-4638-8046-66a9c0a9852b
Coat,a6b4b194-c844-47e3-a268-7b1f5018aa87
Dress,db1b2a16-7ec3-48b6-92f8-10ba8ca36764
Earring,7d74f423-2943-4d4c-8bb4-bc71c01994a5
Flannel,fd26074d-9f87-489e-b014-f074229de5f4
Flower crown,a663e5b8-6356-4c95-98cc-6888d50482e4
Glasses,a5b26eec-4221-484b-b2d7-c114e251c74c
Hat,5d78186b-a3cc-4423-b333-9dc60ac118e1
Jacket,d9148351-738d-40d2-966c-08cb36a7b60f
Jeans,fe8186fc-3301-498d-9822-066b16409078
Jumpsuit,7bc36299-ec60-42f3-b183-69ea9e3d8c14
Leggings,699646a4-83b9-49b9-bc3a-dec423a027fe
Necklace,217da287-4682-4f3c-812a-4c2bb842f1a5
Pants,44c6ab2d-5442-4eae-9f20-6550ba50d544
Purse,5ddaf3eb-221a-41c0-8b94-6269f337d656
Rings,b7a4c015-67a1-4cb1-9a83-694e4094cd38
Sandals,273ec907-5df4-4ff8-ad73-3370fe343fe3
Scarf,5e2b6fd0-3fbe-4aa6-a27c-18e0de0589aa
Shirt,3f08505b-67de-4cf5-a015-57402f17929f
Shoes,f970b1dd-4232-432a-8ae5-e669f3f08c83
Shorts,2d6c6e41-aab8-42b4-9575-b53999a2b730
Skirt,5acad915-1421-44c1-87cc-d9462b053d87
Socks,6c4fcb49-f75b-4df3-83c3-b513ad4342d5
Sunglasses,6a7886b6-d1a9-4764-8ba7-fb36dc109414
Sweater,6f8f1e69-48c4-4370-a505-e72dac62a8cd
Sweatshirt,5e8d527c-88d1-4255-b3c0-4ee86a4174a8
T-shirt,c5fb6d94-215e-46a5-bfeb-55451e65399f
Tank top,311993d8-2737-4407-9f93-03c0f555fdbc
Tights,71898dfe-3198-40d5-8519-667dc7bdea78
Top,5b83672a-a11c-487f-b98f-50d69219ff12
Vest,fde71f82-4377-4469-890f-68be4cc8ad26
Watch,9b072e8e-c73f-4578-b9af-f58bd7b79bb7
Wedges,d0e699f9-3821-4325-8f4c-cc4c858ad2b8
